City_ID,City,Lat,Lng,Max Temp,Humidity,Cloudiness,Wind Speed,Country,Description,Date
0,Ponnani,10.767,75.9252,79.92,84,56,2.33,IN,broken clouds,2022-04-07 22:08:18
1,Sladkovo,55.5284,70.3385,34.09,99,98,10.49,RU,snow,2022-04-07 22:13:15
2,Saint-Philippe,-21.3585,55.7679,72.99,86,55,14.18,RE,light rain,2022-04-07 22:09:17
3,Rikitea,-23.1203,-134.9692,79.41,72,5,15.66,PF,clear sky,2022-04-07 22:06:56
4,Karachi,24.9056,67.0822,82.22,44,0,4.61,PK,clear sky,2022-04-07 22:08:24
5,Butaritari,3.0707,172.7902,81.25,79,99,13.8,KI,light rain,2022-04-07 22:06:57
6,Hilo,19.7297,-155.09,80.33,73,100,13.8,US,overcast clouds,2022-04-07 22:10:54
7,Muros,42.7762,-9.0603,58.08,83,100,20.49,ES,overcast clouds,2022-04-07 22:13:16
8,Albany,42.6001,-73.9662,47.64,91,100,5.01,US,moderate rain,2022-04-07 22:10:41
9,Atuona,-9.8,-139.0333,79.23,71,29,14.79,PF,scattered clouds,2022-04-07 22:13:16
10,Mataura,-46.1927,168.8643,51.82,89,99,10.65,NZ,overcast clouds,2022-04-07 22:13:17
11,Port Elizabeth,-33.918,25.5701,59.09,77,45,4.0,ZA,scattered clouds,2022-04-07 22:13:01
12,At-Bashi,41.1702,75.8106,44.51,56,100,0.81,KG,overcast clouds,2022-04-07 22:13:17
13,Bredasdorp,-34.5322,20.0403,55.83,76,12,4.23,ZA,few clouds,2022-04-07 22:13:17
14,Busselton,-33.65,115.3333,64.72,66,89,8.5,AU,overcast clouds,2022-04-07 22:13:18
15,East London,-33.0153,27.9116,60.51,65,15,14.88,ZA,few clouds,2022-04-07 22:06:54
16,New Norfolk,-42.7826,147.0587,49.71,87,16,1.88,AU,few clouds,2022-04-07 22:08:22
17,Souillac,-20.5167,57.5167,77.16,85,77,12.93,MU,broken clouds,2022-04-07 22:11:39
18,Tabou,4.423,-7.3528,80.44,83,43,6.26,CI,scattered clouds,2022-04-07 22:13:19
19,Cape Town,-33.9258,18.4232,60.28,68,0,11.01,ZA,clear sky,2022-04-07 22:09:22
20,Diego De Almagro,-26.3667,-70.05,78.91,19,0,13.15,CL,clear sky,2022-04-07 22:13:19
21,Hobart,-42.8794,147.3294,50.05,89,0,5.75,AU,clear sky,2022-04-07 22:04:57
22,Faanui,-16.4833,-151.75,81.82,76,21,19.17,PF,light rain,2022-04-07 22:13:20
23,Acapulco,16.8634,-99.8901,78.62,73,100,17.27,MX,overcast clouds,2022-04-07 22:13:20
24,Omboue,-1.5746,9.2618,78.26,92,85,8.32,GA,overcast clouds,2022-04-07 22:13:20
25,Ushuaia,-54.8,-68.3,38.86,70,20,12.66,AR,few clouds,2022-04-07 22:10:17
26,Pouembout,-21.1333,164.9,81.27,80,98,9.75,NC,light rain,2022-04-07 22:13:21
27,Dikson,73.5069,80.5464,2.41,98,100,11.3,RU,overcast clouds,2022-04-07 22:13:21
28,Hermanus,-34.4187,19.2345,57.04,78,5,11.03,ZA,clear sky,2022-04-07 22:06:56
29,Qaanaaq,77.484,-69.3632,-4.81,77,11,6.51,GL,few clouds,2022-04-07 22:09:15
30,Maibong,25.3,93.1667,66.96,79,1,0.94,IN,clear sky,2022-04-07 22:13:22
31,Thompson,55.7435,-97.8558,35.98,72,79,5.41,CA,broken clouds,2022-04-07 22:08:17
32,Sibolga,1.7427,98.7792,75.2,85,100,2.08,ID,overcast clouds,2022-04-07 22:08:13
33,Victor Harbor,-35.5667,138.6167,60.82,78,0,5.77,AU,clear sky,2022-04-07 22:10:20
34,Esperance,-33.8667,121.9,64.47,60,41,18.79,AU,scattered clouds,2022-04-07 22:10:28
35,Zhigalovo,54.8097,105.1578,31.64,95,96,2.98,RU,overcast clouds,2022-04-07 22:13:22
36,Hithadhoo,-0.6,73.0833,82.08,63,17,3.8,MV,few clouds,2022-04-07 22:05:17
37,Vaini,-21.2,-175.2,82.56,83,75,1.14,TO,broken clouds,2022-04-07 22:11:45
38,Lebu,-37.6167,-73.65,58.66,91,59,10.07,CL,broken clouds,2022-04-07 22:13:23
39,Floro,61.5996,5.0328,37.96,44,0,8.05,NO,clear sky,2022-04-07 22:13:23
40,Carnarvon,-24.8667,113.6333,77.07,78,100,10.36,AU,overcast clouds,2022-04-07 22:11:50
41,La Rioja,42.25,-2.5,53.38,74,100,8.19,ES,overcast clouds,2022-04-07 22:13:24
42,Atar,20.5169,-13.0499,77.58,17,0,11.03,MR,clear sky,2022-04-07 22:13:24
43,Lompoc,34.6391,-120.4579,95.77,21,0,5.75,US,clear sky,2022-04-07 22:08:08
44,Naze,28.3667,129.4833,63.21,70,28,11.54,JP,scattered clouds,2022-04-07 22:13:25
45,Yantarnyy,54.8717,19.9381,42.66,83,97,12.88,RU,overcast clouds,2022-04-07 22:13:25
46,Abu Samrah,35.3029,37.1841,60.71,56,100,7.0,SY,overcast clouds,2022-04-07 22:13:25
47,Alofi,-19.0595,-169.9187,84.09,74,75,14.97,NU,broken clouds,2022-04-07 22:13:26
48,Torbay,47.6666,-52.7314,35.76,93,100,11.01,CA,overcast clouds,2022-04-07 22:14:26
49,Khatanga,71.9667,102.5,0.86,94,98,11.99,RU,overcast clouds,2022-04-07 22:07:02
50,Bluff,-46.6,168.3333,56.52,65,91,27.38,NZ,overcast clouds,2022-04-07 22:14:26
51,Haapiti,-17.5667,-149.8667,83.93,72,6,17.63,PF,clear sky,2022-04-07 22:14:27
52,Kidal,18.4411,1.4078,91.76,6,0,7.56,ML,clear sky,2022-04-07 22:14:27
53,Kruisfontein,-34.0033,24.7314,56.88,82,22,7.23,ZA,light rain,2022-04-07 22:09:17
54,Pimentel,-6.8367,-79.9342,73.69,68,0,21.85,PE,clear sky,2022-04-07 22:14:28
55,Severo-Kurilsk,50.6789,156.125,31.78,75,100,3.4,RU,overcast clouds,2022-04-07 22:14:28
56,Arraial Do Cabo,-22.9661,-42.0278,75.2,81,18,5.41,BR,few clouds,2022-04-07 22:10:24
57,Punta Arenas,-53.15,-70.9167,42.91,75,0,5.75,CL,clear sky,2022-04-07 22:14:28
58,Foam Lake,51.65,-103.5343,32.09,90,83,6.38,CA,broken clouds,2022-04-07 22:14:29
59,Nacala,-14.5428,40.6728,76.1,90,6,2.51,MZ,light rain,2022-04-07 22:14:29
60,Kapaa,22.0752,-159.319,80.58,69,40,20.71,US,scattered clouds,2022-04-07 22:13:01
61,Butembo,0.15,29.2833,59.68,76,98,3.15,CD,overcast clouds,2022-04-07 22:14:29
62,Kavieng,-2.5744,150.7967,78.19,88,100,3.49,PG,moderate rain,2022-04-07 22:07:07
63,Mar Del Plata,-38.0023,-57.5575,65.08,89,75,11.99,AR,broken clouds,2022-04-07 22:14:30
64,Polignano A Mare,40.9959,17.2159,56.12,72,39,7.09,IT,scattered clouds,2022-04-07 22:14:30
65,Kaitangata,-46.2817,169.8464,53.64,79,100,14.54,NZ,overcast clouds,2022-04-07 22:06:59
66,Pyaozerskiy,65.8333,31.1667,20.1,97,81,6.4,RU,broken clouds,2022-04-07 22:14:31
67,Chuy,-33.6971,-53.4616,65.21,84,100,6.85,UY,overcast clouds,2022-04-07 22:05:49
68,Te Anau,-45.4167,167.7167,54.27,77,96,6.24,NZ,overcast clouds,2022-04-07 22:14:31
69,Hastings,50.8552,0.5729,47.28,66,82,16.46,GB,broken clouds,2022-04-07 22:11:59
70,Ponta Do Sol,32.6667,-17.1,61.43,74,53,2.15,PT,broken clouds,2022-04-07 22:10:34
71,Chokurdakh,70.6333,147.9167,-11.54,87,69,4.97,RU,broken clouds,2022-04-07 22:11:44
72,Nanzhang,31.7765,111.8386,61.79,75,0,2.06,CN,clear sky,2022-04-07 22:14:32
73,Along,28.1667,94.7667,62.56,95,99,2.66,IN,overcast clouds,2022-04-07 22:14:32
74,Tawau,4.2498,117.8871,75.99,92,100,2.21,MY,moderate rain,2022-04-07 22:14:33
75,Puerto Ayora,-0.7393,-90.3518,84.16,75,28,10.0,EC,scattered clouds,2022-04-07 22:10:33
76,Agadez,19.75,10.25,83.41,7,1,3.91,NE,clear sky,2022-04-07 22:14:33
77,Jamestown,42.097,-79.2353,43.02,74,100,5.75,US,light rain,2022-04-07 22:03:55
78,Betioky,-23.7167,44.3833,70.93,87,27,0.76,MG,scattered clouds,2022-04-07 22:14:34
79,Komsomolskiy,40.4272,71.7189,66.92,39,81,6.91,UZ,broken clouds,2022-04-07 22:14:34
80,Rocha,-34.4833,-54.3333,63.16,76,100,5.12,UY,overcast clouds,2022-04-07 22:14:35
81,Cherskiy,68.75,161.3,-7.91,97,84,3.29,RU,broken clouds,2022-04-07 22:11:46
82,Sao Joao Da Barra,-21.6403,-41.0511,76.32,79,97,8.1,BR,overcast clouds,2022-04-07 22:14:35
83,Port Alfred,-33.5906,26.891,54.18,83,40,3.0,ZA,scattered clouds,2022-04-07 22:06:57
84,Chernyakhovsk,54.6335,21.8156,50.5,81,100,23.49,RU,light rain,2022-04-07 22:14:36
85,Nemuro,43.3236,145.575,32.47,86,100,10.51,JP,overcast clouds,2022-04-07 22:14:17
86,Pochutla,15.7432,-96.4661,90.82,39,100,8.81,MX,overcast clouds,2022-04-07 22:14:36
87,Tomatlan,19.9333,-105.25,87.06,43,78,8.63,MX,broken clouds,2022-04-07 22:14:37
88,Cordoba,-31.4135,-64.1811,77.76,61,0,6.91,AR,clear sky,2022-04-07 22:14:37
89,Bambous Virieux,-20.3428,57.7575,76.21,83,48,14.16,MU,light rain,2022-04-07 22:11:47
90,Kodiak,57.79,-152.4072,40.51,75,100,3.44,US,light snow,2022-04-07 22:14:37
91,Castro,-24.7911,-50.0119,65.32,91,100,4.9,BR,moderate rain,2022-04-07 22:08:11
92,Marawi,7.9986,124.2928,69.48,97,100,3.74,PH,light rain,2022-04-07 22:09:41
93,Isangel,-19.55,169.2667,82.54,72,100,12.95,VU,overcast clouds,2022-04-07 22:07:00
94,Caceres,39.522,-6.3748,46.76,85,13,7.43,ES,few clouds,2022-04-07 22:15:38
95,Vardo,70.3705,31.1107,32.23,67,60,19.93,NO,broken clouds,2022-04-07 22:15:38
96,Marsa Matruh,31.3525,27.2453,63.23,82,94,19.95,EG,overcast clouds,2022-04-07 22:15:39
97,Haines Junction,60.7522,-137.5108,39.15,48,100,5.75,CA,overcast clouds,2022-04-07 22:15:39
98,Nuuk,64.1835,-51.7216,23.61,86,75,15.01,GL,light snow,2022-04-07 22:15:16
99,Pacific Grove,36.6177,-121.9166,88.56,58,17,5.21,US,few clouds,2022-04-07 22:15:40
100,Belle Fourche,44.6714,-103.8522,46.33,40,56,24.83,US,broken clouds,2022-04-07 22:15:40
101,Longyearbyen,78.2186,15.6401,6.64,72,20,17.27,SJ,few clouds,2022-04-07 22:15:40
102,Shevchenkove,49.6959,37.1735,46.81,65,64,8.75,UA,broken clouds,2022-04-07 22:15:41
103,Heiligenhafen,54.3667,10.9833,41.76,89,96,25.95,DE,overcast clouds,2022-04-07 22:15:41
104,Moreira Sales,-24.0622,-53.0069,74.41,81,55,2.19,BR,heavy intensity rain,2022-04-07 22:15:41
105,Provideniya,64.3833,-173.3,5.36,78,40,7.0,RU,light snow,2022-04-07 22:15:42
106,Arawa,-6.2132,155.5367,75.83,88,99,0.29,PG,overcast clouds,2022-04-07 22:15:42
107,Tuktoyaktuk,69.4541,-133.0374,26.91,81,100,7.02,CA,overcast clouds,2022-04-07 22:11:38
108,Zakupne,49.1194,26.3376,47.8,63,57,13.47,UA,broken clouds,2022-04-07 22:15:43
109,Mana,5.6592,-53.7767,77.02,89,39,11.23,GF,light rain,2022-04-07 22:15:43
110,Laguna,38.421,-121.4238,91.18,27,0,5.75,US,clear sky,2022-04-07 22:15:43
111,Aykhal,66.0,111.5,8.6,98,100,5.06,RU,overcast clouds,2022-04-07 22:15:44
112,Sisimiut,66.9395,-53.6735,11.59,90,5,8.59,GL,clear sky,2022-04-07 22:15:44
113,Cap Malheureux,-19.9842,57.6142,76.46,87,7,3.0,MU,clear sky,2022-04-07 22:15:45
114,Ostrovnoy,68.0531,39.5131,20.66,85,5,11.59,RU,clear sky,2022-04-07 22:15:45
115,Bundaberg,-24.85,152.35,77.22,82,18,11.5,AU,few clouds,2022-04-07 22:15:46
116,Barrow,71.2906,-156.7887,1.42,71,0,0.0,US,clear sky,2022-04-07 22:10:36
117,Pandan,14.0453,124.1694,77.56,87,100,5.84,PH,overcast clouds,2022-04-07 22:15:46
118,Saint George,37.1041,-113.5841,79.95,9,0,5.01,US,clear sky,2022-04-07 22:10:35
119,Eura,61.1333,22.1333,31.78,97,100,12.97,FI,light snow,2022-04-07 22:15:46
120,Vila Velha,-20.3297,-40.2925,78.75,83,75,8.05,BR,broken clouds,2022-04-07 22:15:47
121,Gerash,27.6652,54.1371,71.58,15,2,2.93,IR,clear sky,2022-04-07 22:15:47
122,Bata,1.8639,9.7658,80.24,86,86,3.42,GQ,overcast clouds,2022-04-07 22:15:48
123,Pyay,18.8167,95.2167,82.17,67,88,6.06,MM,overcast clouds,2022-04-07 22:15:48
124,Port Hardy,50.6996,-127.4199,48.38,76,100,8.05,CA,light rain,2022-04-07 22:15:47
125,Tuatapere,-46.1333,167.6833,55.24,72,98,13.82,NZ,overcast clouds,2022-04-07 22:07:04
126,Chulym,55.0997,80.9572,28.51,93,100,5.26,RU,overcast clouds,2022-04-07 22:11:08
127,Chenghai,23.4632,116.768,57.11,94,0,0.0,CN,clear sky,2022-04-07 22:15:49
128,Airai,-8.9266,125.4092,59.25,81,100,2.26,TL,overcast clouds,2022-04-07 22:07:05
129,Tasiilaq,65.6145,-37.6368,19.56,95,100,11.36,GL,light snow,2022-04-07 22:10:32
130,Fortuna,40.5982,-124.1573,70.86,69,0,17.27,US,clear sky,2022-04-07 22:15:49
131,Richards Bay,-28.783,32.0377,66.54,85,100,9.66,ZA,light rain,2022-04-07 22:12:58
132,Christchurch,-43.5333,172.6333,57.9,76,0,6.91,NZ,clear sky,2022-04-07 22:15:50
133,Ribeira Grande,38.5167,-28.7,60.73,82,100,8.39,PT,overcast clouds,2022-04-07 22:15:50
134,Palmer,42.1584,-72.3287,50.63,75,100,6.91,US,overcast clouds,2022-04-07 22:08:10
135,Santa Ines,-3.6667,-45.38,75.49,95,98,4.09,BR,heavy intensity rain,2022-04-07 22:15:50
136,Esna,25.2934,32.554,86.11,12,26,2.64,EG,scattered clouds,2022-04-07 22:15:51
137,Waipawa,-41.4122,175.5153,55.76,65,5,3.85,NZ,clear sky,2022-04-07 22:15:51
138,Fano,43.8204,13.0121,60.98,61,88,15.97,IT,overcast clouds,2022-04-07 22:15:51
139,Srednekolymsk,67.45,153.6833,0.09,91,49,6.87,RU,scattered clouds,2022-04-07 22:15:52
140,Lakes Entrance,-37.8811,147.981,60.66,82,73,10.07,AU,broken clouds,2022-04-07 22:16:52
141,Susanville,40.4163,-120.653,77.81,20,27,7.0,US,scattered clouds,2022-04-07 22:16:52
142,Manaure,11.7751,-72.4445,86.81,59,92,11.34,CO,overcast clouds,2022-04-07 22:16:53
143,Brae,60.3964,-1.353,41.25,65,97,23.58,GB,overcast clouds,2022-04-07 22:16:53
144,Adrar,20.5022,-10.0711,75.6,16,0,11.34,MR,clear sky,2022-04-07 22:09:22
145,San Quintin,30.4833,-115.95,79.03,33,2,8.41,MX,clear sky,2022-04-07 22:14:16
146,Cairns,-16.9167,145.7667,80.06,80,58,9.22,AU,broken clouds,2022-04-07 22:16:54
147,Porto Novo,6.4965,2.6036,84.02,79,68,7.25,BJ,broken clouds,2022-04-07 22:16:54
148,Swan River,52.1058,-101.2676,39.09,48,13,8.05,CA,few clouds,2022-04-07 22:16:54
149,Deputatskiy,69.3,139.9,-9.96,100,100,3.09,RU,overcast clouds,2022-04-07 22:16:55
150,Ancud,-41.8697,-73.8203,60.22,85,97,2.98,CL,overcast clouds,2022-04-07 22:13:37
151,Nipawin,53.3668,-104.0009,35.64,75,0,10.36,CA,clear sky,2022-04-07 22:16:55
152,Eydhafushi,5.1033,73.0708,83.39,67,97,2.8,MV,overcast clouds,2022-04-07 22:16:56
153,Nikolskoye,59.7035,30.7861,41.81,100,100,6.64,RU,overcast clouds,2022-04-07 22:16:56
154,Bengkulu,-3.8004,102.2655,73.49,82,95,3.98,ID,overcast clouds,2022-04-07 22:10:36
155,Ternate,0.8,127.4,80.89,79,88,5.12,ID,overcast clouds,2022-04-07 22:16:56
156,Pychas,56.5033,52.4409,29.03,91,100,4.45,RU,overcast clouds,2022-04-07 22:16:57
157,Oum Hadjer,13.2954,19.6966,89.91,14,1,10.98,TD,clear sky,2022-04-07 22:16:57
158,Bangui,4.3612,18.555,79.09,59,59,1.66,CF,broken clouds,2022-04-07 22:16:58
159,Zhanakorgan,43.9098,67.2495,60.31,55,87,5.93,KZ,overcast clouds,2022-04-07 22:16:58
160,Novaya Igirma,57.1334,103.9112,28.56,92,41,8.03,RU,scattered clouds,2022-04-07 22:12:14
161,Salinopolis,-0.6136,-47.3561,77.38,88,96,6.82,BR,heavy intensity rain,2022-04-07 22:16:59
162,Upernavik,72.7868,-56.1549,7.16,95,100,1.12,GL,overcast clouds,2022-04-07 22:16:59
163,Nabire,-3.3667,135.4833,76.69,90,99,2.91,ID,overcast clouds,2022-04-07 22:16:59
164,Domoni,-12.2569,44.5319,79.52,82,56,3.83,KM,broken clouds,2022-04-07 22:17:00
165,Coihaique,-45.5752,-72.0662,56.01,81,20,3.44,CL,few clouds,2022-04-07 22:13:24
166,Constitucion,-35.3333,-72.4167,61.12,81,29,13.78,CL,scattered clouds,2022-04-07 22:04:54
167,Payson,40.0444,-111.7321,60.58,18,0,5.99,US,clear sky,2022-04-07 22:17:00
168,Ambon,-3.6954,128.1814,82.54,78,40,4.47,ID,scattered clouds,2022-04-07 22:17:01
169,Nouadhibou,20.931,-17.0347,64.72,75,0,22.62,MR,clear sky,2022-04-07 22:17:01
170,Mahebourg,-20.4081,57.7,76.24,83,49,14.18,MU,light rain,2022-04-07 22:09:21
171,Palana,59.1167,159.9667,24.4,79,100,2.55,RU,overcast clouds,2022-04-07 22:17:02
172,Lardos,36.0942,28.0157,63.95,88,77,10.78,GR,broken clouds,2022-04-07 22:17:02
173,Atmakur,15.8833,78.5833,79.05,47,88,5.08,IN,overcast clouds,2022-04-07 22:17:03
174,Qaqortoq,60.7167,-46.0333,26.64,91,70,2.21,GL,broken clouds,2022-04-07 22:17:03
175,Sambava,-14.2667,50.1667,75.52,92,95,5.32,MG,overcast clouds,2022-04-07 22:17:03
176,Avera,33.194,-82.5271,71.65,44,0,13.6,US,clear sky,2022-04-07 22:07:08
177,Cururupu,-1.8283,-44.8683,75.81,93,93,3.62,BR,overcast clouds,2022-04-07 22:07:08
178,Nanakuli,21.3906,-158.1547,85.95,42,20,18.41,US,few clouds,2022-04-07 22:17:04
179,Saldanha,-33.0117,17.9442,60.08,71,1,20.76,ZA,clear sky,2022-04-07 22:17:04
180,Barranca,-10.75,-77.7667,71.1,77,97,12.08,PE,overcast clouds,2022-04-07 22:17:05
181,Flinders,-34.5833,150.8552,65.37,90,100,3.0,AU,light rain,2022-04-07 22:04:07
182,Antofagasta,-23.65,-70.4,63.68,74,1,4.74,CL,clear sky,2022-04-07 22:18:05
183,Juneau,58.3019,-134.4197,44.6,96,100,19.57,US,light rain,2022-04-07 22:15:12
184,Portland,45.5234,-122.6762,78.89,30,20,9.22,US,few clouds,2022-04-07 22:16:06
185,Sorland,67.667,12.6934,36.68,55,15,14.12,NO,few clouds,2022-04-07 22:18:06
186,Tocopilla,-22.092,-70.1979,69.51,70,41,7.9,CL,scattered clouds,2022-04-07 22:18:07
187,Geraldton,-28.7667,114.6,73.81,83,40,9.22,AU,scattered clouds,2022-04-07 22:18:07
188,Havoysund,70.9963,24.6622,34.03,94,100,21.54,NO,light snow,2022-04-07 22:18:07
189,Umm Bab,25.2142,50.8072,77.99,39,0,10.74,QA,clear sky,2022-04-07 22:18:08
190,Mayo,38.8876,-76.5119,52.68,94,100,11.5,US,moderate rain,2022-04-07 22:18:08
191,Ilula,-7.6766,36.0366,61.66,97,14,3.58,TZ,few clouds,2022-04-07 22:18:08
192,Yar-Sale,66.8333,70.8333,-7.56,99,100,8.5,RU,overcast clouds,2022-04-07 22:18:09
193,Tambopata,-12.7333,-69.1833,83.73,71,51,0.38,PE,broken clouds,2022-04-07 22:18:09
194,Tiksi,71.6872,128.8694,-10.91,100,78,1.36,RU,broken clouds,2022-04-07 22:13:01
195,Beringovskiy,63.05,179.3167,5.27,68,20,3.51,RU,few clouds,2022-04-07 22:18:10
196,Shenjiamen,29.9576,122.298,56.89,78,0,6.91,CN,clear sky,2022-04-07 22:18:10
197,Gat,31.61,34.7642,83.79,24,100,12.86,IL,overcast clouds,2022-04-07 22:18:11
198,Georgetown,5.4112,100.3354,78.73,93,20,3.44,MY,few clouds,2022-04-07 22:17:55
199,Rogers,36.3668,-95.5836,59.59,53,100,13.8,US,overcast clouds,2022-04-07 22:18:11
200,Mildura,-34.2,142.15,64.36,72,75,10.36,AU,broken clouds,2022-04-07 22:17:48
201,Kamenka,51.3223,42.7678,45.37,74,90,9.28,RU,overcast clouds,2022-04-07 22:18:12
202,Westport,41.1415,-73.3579,52.32,94,100,21.85,US,mist,2022-04-07 22:18:12
203,Brookhaven,31.5791,-90.4407,65.86,46,5,10.83,US,clear sky,2022-04-07 22:17:51
204,San Carlos De Bariloche,-41.1456,-71.3082,55.15,76,75,14.97,AR,broken clouds,2022-04-07 22:17:41
205,Corn Island,12.1694,-83.0418,81.36,76,68,14.65,NI,broken clouds,2022-04-07 22:18:13
206,Bucak,37.4592,30.595,48.72,90,60,1.97,TR,broken clouds,2022-04-07 22:18:13
207,Sao Filipe,14.8961,-24.4956,73.0,75,29,12.55,CV,scattered clouds,2022-04-07 22:10:25
208,Norman Wells,65.282,-126.8329,39.24,35,20,16.11,CA,few clouds,2022-04-07 22:18:13
209,San Vicente,-26.6167,-54.1333,65.16,99,94,3.11,AR,overcast clouds,2022-04-07 22:09:20
210,Chapais,49.7834,-74.8492,35.38,97,100,14.36,CA,overcast clouds,2022-04-07 22:17:46
211,Sinnamary,5.3833,-52.95,76.69,90,97,11.68,GF,light rain,2022-04-07 22:18:14
212,Petropavlovsk-Kamchatskiy,53.0452,158.6483,32.59,100,100,2.24,RU,light snow,2022-04-07 22:18:14
213,Yellowknife,62.456,-114.3525,37.56,44,89,8.01,CA,overcast clouds,2022-04-07 22:09:14
214,Kasongo-Lunda,-6.4667,16.8167,69.4,95,89,1.14,CD,overcast clouds,2022-04-07 22:18:15
215,Pundaguitan,6.3711,126.1689,81.55,76,100,6.91,PH,overcast clouds,2022-04-07 22:10:31
216,Labuhan,-6.8844,112.2051,76.75,86,97,6.22,ID,overcast clouds,2022-04-07 22:18:15
217,Curumani,9.1999,-73.5427,86.65,71,99,3.44,CO,overcast clouds,2022-04-07 22:18:16
218,Ballina,-28.8667,153.5667,68.02,99,92,12.39,AU,overcast clouds,2022-04-07 22:11:49
219,Boysun,38.2061,67.1986,63.32,34,72,7.85,UZ,broken clouds,2022-04-07 22:18:16
220,San Alberto,7.7611,-73.3922,82.02,88,100,2.55,CO,overcast clouds,2022-04-07 22:18:17
221,Zhigansk,66.7697,123.3711,-9.69,100,100,6.44,RU,overcast clouds,2022-04-07 22:18:17
222,Half Moon Bay,37.4636,-122.4286,95.61,27,0,5.75,US,clear sky,2022-04-07 22:18:17
223,Itarema,-2.9248,-39.9167,76.89,90,91,10.22,BR,overcast clouds,2022-04-07 22:18:18
224,Antalaha,-14.9003,50.2788,74.7,92,97,5.32,MG,overcast clouds,2022-04-07 22:17:13
225,Kuytun,54.3419,101.5036,26.01,94,24,4.34,RU,few clouds,2022-04-07 22:18:18
226,Savelugu,9.6244,-0.8253,84.25,54,93,15.05,GH,overcast clouds,2022-04-07 22:18:19
227,Ilulissat,69.2167,-51.1,21.22,73,75,5.75,GL,light shower snow,2022-04-07 22:19:19
228,Denpasar,-8.65,115.2167,78.46,94,40,3.44,ID,scattered clouds,2022-04-07 22:17:33
229,Kiama,-34.6833,150.8667,68.0,90,99,3.0,AU,light rain,2022-04-07 22:19:20
230,Beloha,-25.1667,45.05,73.98,90,25,3.51,MG,scattered clouds,2022-04-07 22:06:01
231,Menongue,-14.6585,17.691,64.09,87,37,2.53,AO,scattered clouds,2022-04-07 22:19:20
232,Bagotville,-28.9833,153.4167,67.86,99,99,9.8,AU,overcast clouds,2022-04-07 22:19:20
233,Avarua,-21.2078,-159.775,86.05,74,20,13.8,CK,few clouds,2022-04-07 22:19:21
234,Tiznit,29.5833,-9.5,57.42,67,0,1.99,MA,clear sky,2022-04-07 22:19:21
235,Okakarara,-20.5833,17.4333,68.63,36,37,2.93,NA,scattered clouds,2022-04-07 22:19:21
236,Korla,41.7597,86.1469,60.91,22,7,2.28,CN,clear sky,2022-04-07 22:19:22
237,Bilibino,68.0546,166.4372,-7.55,93,79,0.67,RU,broken clouds,2022-04-07 22:19:22
238,Almaznyy,48.0448,40.045,47.53,68,18,13.44,RU,few clouds,2022-04-07 22:19:23
239,Lavrentiya,65.5833,-171.0,-3.96,81,97,5.82,RU,overcast clouds,2022-04-07 22:19:23
240,Iranshahr,27.2025,60.6848,76.28,17,0,4.03,IR,clear sky,2022-04-07 22:19:23
241,Kirakira,-10.4544,161.9205,82.89,82,100,11.52,SB,overcast clouds,2022-04-07 22:19:23
242,Narsaq,60.9167,-46.05,35.82,90,48,2.21,GL,scattered clouds,2022-04-07 22:19:24
243,Musafirkhana,26.3667,81.8,79.79,11,7,1.61,IN,clear sky,2022-04-07 22:19:24
244,Sitka,57.0531,-135.33,44.49,70,100,6.91,US,light rain,2022-04-07 22:19:24
245,Salina,38.8403,-97.6114,51.93,35,75,36.82,US,broken clouds,2022-04-07 22:19:25
246,Carutapera,-1.195,-46.02,76.19,93,74,6.06,BR,heavy intensity rain,2022-04-07 22:19:25
247,Manadhoo,5.7667,73.3833,83.93,68,84,3.33,MV,broken clouds,2022-04-07 22:19:25
248,Salinas,36.6777,-121.6555,97.56,17,0,13.8,US,clear sky,2022-04-07 22:17:43
249,Maridi,4.9158,29.4742,68.74,83,99,2.8,SS,overcast clouds,2022-04-07 22:19:26
250,Yarmouth,41.7057,-70.2286,51.15,77,0,16.11,US,clear sky,2022-04-07 22:19:26
251,Darhan,49.4867,105.9228,40.35,55,30,4.54,MN,scattered clouds,2022-04-07 22:19:27
252,Demba,-5.51,22.2667,71.06,84,61,1.86,CD,broken clouds,2022-04-07 22:16:08
253,Esmeraldas,-19.7625,-44.3139,81.46,79,20,3.6,BR,few clouds,2022-04-07 22:19:27
254,Calvinia,-31.4707,19.776,54.91,42,3,11.61,ZA,clear sky,2022-04-07 22:19:27
255,Santa Maria,-29.6842,-53.8069,64.9,99,100,5.53,BR,light rain,2022-04-07 22:19:28
256,Popondetta,-8.7537,148.2534,78.46,84,100,1.81,PG,overcast clouds,2022-04-07 22:19:28
257,Talnakh,69.4865,88.3972,3.81,99,100,4.16,RU,overcast clouds,2022-04-07 22:11:52
258,Yucca Valley,34.1142,-116.4322,86.23,7,0,14.0,US,clear sky,2022-04-07 22:19:29
259,Ankazoabo,-22.2833,44.5167,69.85,82,22,6.08,MG,few clouds,2022-04-07 22:17:13
260,Okha,53.5739,142.9478,21.72,83,78,4.59,RU,broken clouds,2022-04-07 22:18:51
261,Ayan,56.45,138.1667,21.34,79,84,4.97,RU,broken clouds,2022-04-07 22:19:29
262,Vao,-22.6667,167.4833,80.11,82,96,32.79,NC,moderate rain,2022-04-07 22:19:30
263,Matadi,-5.8167,13.45,77.34,95,99,3.51,CD,light rain,2022-04-07 22:19:30
264,Andenes,69.3143,16.1194,31.98,64,0,17.27,NO,clear sky,2022-04-07 22:19:30
265,Puerto Escondido,15.85,-97.0667,83.23,65,0,6.91,MX,clear sky,2022-04-07 22:07:38
266,Victoria,22.2855,114.1577,72.95,52,0,8.99,HK,clear sky,2022-04-07 22:10:47
267,Mogadishu,2.0371,45.3438,81.25,78,98,15.01,SO,overcast clouds,2022-04-07 22:15:11
268,Miramar,25.9873,-80.2323,87.82,65,20,19.57,US,few clouds,2022-04-07 22:19:31
269,Bethel,41.3712,-73.414,50.85,90,100,13.8,US,light rain,2022-04-07 22:19:32
270,Lorengau,-2.0226,147.2712,81.41,83,100,15.97,PG,overcast clouds,2022-04-07 22:19:32
271,Bowen,-20.0167,148.2333,76.42,79,78,10.47,AU,broken clouds,2022-04-07 22:19:32
272,Hamilton,39.1834,-84.5333,52.65,52,100,14.97,US,overcast clouds,2022-04-07 22:06:57
273,Saskylakh,71.9167,114.0833,-23.98,100,27,3.27,RU,scattered clouds,2022-04-07 22:20:33
274,Lagoa,39.05,-27.9833,59.41,82,100,13.85,PT,overcast clouds,2022-04-07 22:11:43
275,Auki,-8.7676,160.7034,82.65,76,100,7.67,SB,overcast clouds,2022-04-07 22:20:34
276,Ada,43.4166,-116.1262,68.13,22,0,9.22,US,clear sky,2022-04-07 22:20:34
277,Plymouth,41.8334,-70.8328,51.85,76,0,12.66,US,clear sky,2022-04-07 22:20:34
278,Leningradskiy,69.3833,178.4167,-4.05,89,100,11.63,RU,overcast clouds,2022-04-07 22:20:35
279,Beberibe,-4.1797,-38.1306,78.15,89,99,8.72,BR,overcast clouds,2022-04-07 22:20:35
280,General Cepeda,25.3833,-101.45,68.07,23,23,15.7,MX,few clouds,2022-04-07 22:20:35
281,Mao,39.8885,4.2658,57.76,77,0,12.66,ES,clear sky,2022-04-07 22:20:36
282,Zaozerne,45.1582,33.2787,48.79,72,93,7.7,UA,overcast clouds,2022-04-07 22:20:36
283,Kargasok,59.0556,80.8572,26.47,94,46,7.34,RU,scattered clouds,2022-04-07 22:20:36
284,Pisco,-13.7,-76.2167,69.85,78,0,26.46,PE,clear sky,2022-04-07 22:20:37
285,Santiago,-33.4569,-70.6483,83.64,25,0,10.36,CL,clear sky,2022-04-07 22:20:22
286,Selma,36.5708,-119.6121,93.18,28,9,1.97,US,clear sky,2022-04-07 22:20:37
287,San Patricio,28.017,-97.5169,82.27,16,0,15.32,US,clear sky,2022-04-07 22:20:38
288,Olinda,-8.0089,-34.8553,82.13,74,20,6.91,BR,few clouds,2022-04-07 22:20:38
289,Viedma,-40.8135,-62.9967,60.08,74,100,12.53,AR,overcast clouds,2022-04-07 22:20:38
290,Hit,33.6416,42.8251,73.53,27,100,6.42,IQ,overcast clouds,2022-04-07 22:20:39
291,Spearfish,44.4908,-103.8594,45.88,49,90,25.32,US,overcast clouds,2022-04-07 22:20:39
292,Tautira,-17.7333,-149.15,82.06,76,22,19.55,PF,light rain,2022-04-07 22:20:40
293,Ewa Beach,21.3156,-158.0072,85.95,44,20,25.32,US,few clouds,2022-04-07 22:11:41
294,Svetlogorsk,52.6333,29.7333,50.0,67,100,16.24,BY,overcast clouds,2022-04-07 22:12:57
295,Tateyama,34.9833,139.8667,56.14,74,0,10.98,JP,clear sky,2022-04-07 22:20:40
296,Cabo San Lucas,22.8909,-109.9124,87.62,34,0,6.91,MX,clear sky,2022-04-07 22:07:26
297,Wuwei,37.9281,102.6414,54.7,16,78,7.47,CN,broken clouds,2022-04-07 22:20:41
298,Liberia,6.5,-9.5,76.05,85,100,0.81,LR,overcast clouds,2022-04-07 22:20:41
299,Grindavik,63.8424,-22.4338,30.15,69,75,8.05,IS,broken clouds,2022-04-07 22:20:41
300,Davila,18.4726,120.5763,76.98,88,98,28.21,PH,overcast clouds,2022-04-07 22:20:42
301,Mushie,-3.0167,16.9,73.76,86,100,2.66,CD,overcast clouds,2022-04-07 22:20:42
302,Aswan,24.0934,32.907,84.47,14,12,9.53,EG,few clouds,2022-04-07 22:20:43
303,Cayenne,4.9333,-52.3333,77.09,1,75,10.36,GF,moderate rain,2022-04-07 22:20:43
304,Redlands,34.0556,-117.1825,97.05,9,0,4.61,US,clear sky,2022-04-07 22:19:03
305,Waingapu,-9.6567,120.2641,77.43,81,85,3.83,ID,overcast clouds,2022-04-07 22:20:43
306,Nome,64.5011,-165.4064,-1.84,59,0,17.27,US,clear sky,2022-04-07 22:20:44
307,Los Andes,-32.8337,-70.5983,76.01,23,0,5.75,CL,clear sky,2022-04-07 22:20:44
308,Meulaboh,4.1363,96.1285,75.63,85,99,3.8,ID,overcast clouds,2022-04-07 22:20:45
309,Krasnoselkup,65.7,82.4667,0.25,99,95,6.08,RU,overcast clouds,2022-04-07 22:20:45
310,Marzuq,14.4,46.4667,67.5,43,79,6.04,YE,broken clouds,2022-04-07 22:20:45
311,Husavik,66.0449,-17.3389,25.68,83,100,2.42,IS,overcast clouds,2022-04-07 22:20:46
312,Zhanaozen,43.3,52.8,56.88,51,99,13.67,KZ,overcast clouds,2022-04-07 22:20:46
313,Pevek,69.7008,170.3133,-0.74,84,100,7.99,RU,overcast clouds,2022-04-07 22:20:14
314,Mugur-Aksy,50.35,90.5,31.87,75,95,4.9,RU,overcast clouds,2022-04-07 22:20:47
315,Buala,-8.145,159.5921,81.66,80,98,11.18,SB,light rain,2022-04-07 22:21:47
316,Tongren,27.7172,109.1853,60.73,65,0,2.3,CN,clear sky,2022-04-07 22:21:47
317,Zarand,30.8127,56.564,66.43,17,38,7.16,IR,scattered clouds,2022-04-07 22:21:48
318,Yenagoa,4.9247,6.2642,79.83,85,26,2.75,NG,scattered clouds,2022-04-07 22:21:48
319,Dingle,10.9995,122.6711,74.52,94,100,8.32,PH,heavy intensity rain,2022-04-07 22:21:49
320,Harrisburg,40.2737,-76.8844,49.66,91,100,4.61,US,moderate rain,2022-04-07 22:20:04
321,Ati,13.2154,18.3353,89.33,11,1,10.49,TD,clear sky,2022-04-07 22:21:49
322,Teya,60.3778,92.6267,25.72,89,100,6.71,RU,light snow,2022-04-07 22:21:49
323,Berlevag,70.8578,29.0864,32.0,78,70,22.79,NO,broken clouds,2022-04-07 22:21:50
324,Nanortalik,60.1432,-45.2371,29.68,86,99,12.03,GL,overcast clouds,2022-04-07 22:21:50
325,Parabel,58.6978,81.4825,26.6,95,80,7.14,RU,broken clouds,2022-04-07 22:21:50
326,Los Llanos De Aridane,28.6585,-17.9182,58.75,76,40,11.5,ES,scattered clouds,2022-04-07 22:21:51
327,Nouakchott,18.0858,-15.9785,84.13,40,4,13.65,MR,clear sky,2022-04-07 22:21:51
328,Novovasylivka,46.8315,35.7536,47.66,81,76,11.79,UA,broken clouds,2022-04-07 22:21:52
329,Port Lincoln,-34.7333,135.8667,61.81,86,10,6.38,AU,clear sky,2022-04-07 22:19:02
330,Aksha,50.2814,113.2867,36.68,75,20,11.12,RU,few clouds,2022-04-07 22:21:52
331,La Ronge,55.1001,-105.2842,43.05,52,40,8.05,CA,scattered clouds,2022-04-07 22:21:52
332,Bubaque,11.2833,-15.8333,76.55,78,29,16.15,GW,scattered clouds,2022-04-07 22:21:53
333,Lilongwe,-13.9669,33.7873,65.25,96,100,2.26,MW,light rain,2022-04-07 22:21:00
334,Seoul,37.5683,126.9778,44.04,87,0,3.44,KR,clear sky,2022-04-07 22:18:37
335,Singapore,1.2897,103.8501,77.09,94,75,2.3,SG,broken clouds,2022-04-07 22:21:53
336,Panzhihua,26.5851,101.7128,57.22,66,31,0.78,CN,scattered clouds,2022-04-07 22:21:54
337,Tselinnoye,53.0833,85.6667,34.43,82,100,4.97,RU,overcast clouds,2022-04-07 22:21:54
338,Arlit,18.7369,7.3853,87.21,6,1,6.58,NE,clear sky,2022-04-07 22:21:55
339,Bontang,0.1333,117.5,75.6,90,79,7.67,ID,broken clouds,2022-04-07 22:21:55
340,San Angelo,31.4638,-100.437,73.89,10,0,9.22,US,clear sky,2022-04-07 22:18:27
341,Guerrero Negro,27.9769,-114.0611,83.19,26,4,13.94,MX,clear sky,2022-04-07 22:19:53
342,Kysyl-Syr,63.8986,122.7617,-1.7,100,100,4.59,RU,overcast clouds,2022-04-07 22:21:56
343,Fare,-16.7,-151.0167,81.75,76,11,18.05,PF,light rain,2022-04-07 22:21:56
344,Yankton,42.8711,-97.3973,37.65,70,100,34.52,US,overcast clouds,2022-04-07 22:21:56
345,Plouzane,48.3833,-4.6167,48.38,84,100,5.75,FR,moderate rain,2022-04-07 22:21:57
346,Aksu,41.1231,80.2644,63.68,19,56,4.34,CN,broken clouds,2022-04-07 22:21:57
347,Pacifica,37.6138,-122.4869,92.73,31,75,6.91,US,broken clouds,2022-04-07 22:21:58
348,Diamantino,-14.4086,-56.4461,82.09,64,59,1.61,BR,broken clouds,2022-04-07 22:21:58
349,Ondjiva,-17.0667,15.7333,75.69,46,73,1.72,AO,broken clouds,2022-04-07 22:21:58
350,Tura,25.5198,90.2201,70.23,80,10,3.87,IN,clear sky,2022-04-07 22:21:54
351,Raga,8.4596,25.678,74.91,60,39,4.07,SS,scattered clouds,2022-04-07 22:21:59
352,Sylvania,41.7189,-83.713,48.96,60,100,12.66,US,overcast clouds,2022-04-07 22:21:59
353,Termoli,41.9888,14.9895,51.57,86,87,9.31,IT,overcast clouds,2022-04-07 22:18:01
354,Poya,-21.35,165.15,81.73,78,100,10.33,NC,overcast clouds,2022-04-07 22:22:00
355,Fayaoue,-20.65,166.5333,81.28,84,92,28.3,NC,overcast clouds,2022-04-07 22:22:00
356,College,64.8569,-147.8028,42.75,45,40,4.61,US,scattered clouds,2022-04-07 22:17:15
357,Alice Springs,-23.7,133.8833,54.95,62,0,4.61,AU,clear sky,2022-04-07 22:21:26
358,Touros,-5.1989,-35.4608,80.15,80,53,10.87,BR,broken clouds,2022-04-07 22:20:28
359,Dauphin,51.1494,-100.0502,42.94,45,0,21.85,CA,clear sky,2022-04-07 22:22:01
360,Matagami,49.7502,-77.6328,33.91,100,100,8.05,CA,light rain,2022-04-07 22:22:01
361,Smolenka,52.1352,113.4974,39.27,52,70,13.42,RU,broken clouds,2022-04-07 22:22:02
362,Omsukchan,62.5333,155.8,14.41,77,100,5.37,RU,overcast clouds,2022-04-07 22:23:02
363,Katsuura,35.1333,140.3,55.51,82,0,9.89,JP,clear sky,2022-04-07 22:23:02
364,Clyde River,70.4692,-68.5914,8.83,78,100,11.5,CA,light snow,2022-04-07 22:23:03
365,Bairiki,1.3292,172.9752,84.2,74,75,8.05,KI,broken clouds,2022-04-07 22:23:03
366,Bacolod,10.6667,122.95,76.69,89,100,10.63,PH,moderate rain,2022-04-07 22:23:04
367,Codrington,-38.2667,141.9667,56.8,87,5,6.6,AU,clear sky,2022-04-07 22:23:04
368,Pareora,-44.4871,171.2132,57.18,66,2,8.63,NZ,clear sky,2022-04-07 22:23:04
369,Saint-Pierre,-21.3393,55.4781,76.91,83,40,4.61,RE,scattered clouds,2022-04-07 22:23:05
370,Akdepe,42.0551,59.3788,62.69,34,92,6.49,TM,overcast clouds,2022-04-07 22:23:05
371,Wanning,18.8003,110.3967,66.38,85,80,6.33,CN,broken clouds,2022-04-07 22:23:06
372,Kavaratti,10.5669,72.642,83.07,73,55,6.67,IN,broken clouds,2022-04-07 22:23:06
373,Venado Tuerto,-33.7456,-61.9688,74.77,49,17,8.63,AR,few clouds,2022-04-07 22:23:07
374,Fort Nelson,58.8053,-122.7002,47.79,23,100,2.3,CA,overcast clouds,2022-04-07 22:23:07
375,Kichmengskiy Gorodok,59.9816,45.7854,28.51,93,100,6.55,RU,overcast clouds,2022-04-07 22:23:07
376,Porto Velho,-8.7619,-63.9039,78.85,94,40,1.14,BR,light rain,2022-04-07 22:23:08
377,Klaksvik,62.2266,-6.589,34.72,69,100,33.29,FO,light snow,2022-04-07 22:23:08
378,Berzasca,44.6476,21.9526,47.97,95,92,4.97,RO,overcast clouds,2022-04-07 22:23:09
379,Tevaitoa,-16.7833,-151.5,81.63,76,11,19.33,PF,light rain,2022-04-07 22:23:09
380,Tilichiki,60.4667,166.1,13.5,93,100,6.89,RU,overcast clouds,2022-04-07 22:23:09
381,Kontagora,10.3999,5.4695,89.11,32,82,4.12,NG,broken clouds,2022-04-07 22:23:10
382,Carson City,39.1638,-119.7674,77.9,16,0,12.66,US,clear sky,2022-04-07 22:23:10
383,Helsinki,60.1695,24.9355,38.1,95,100,11.5,FI,fog,2022-04-07 22:23:11
384,Cockburn Town,21.4612,-71.1419,78.49,76,1,19.51,TC,clear sky,2022-04-07 22:22:30
385,Griffith,41.5284,-87.4237,43.29,72,100,20.71,US,light intensity drizzle,2022-04-07 22:23:11
386,Arona,28.0996,-16.681,58.12,63,20,17.27,ES,few clouds,2022-04-07 22:23:11
387,Plettenberg Bay,-34.0527,23.3716,56.53,74,56,5.28,ZA,broken clouds,2022-04-07 22:23:12
388,Ketchikan,55.3422,-131.6461,46.87,71,75,8.05,US,broken clouds,2022-04-07 22:23:12
389,Broome,42.2506,-75.833,48.45,83,100,1.99,US,light rain,2022-04-07 22:23:05
390,Kanash,55.5086,47.4956,35.35,100,100,10.76,RU,light rain,2022-04-07 22:23:13
391,Trinidad,-14.8333,-64.9,91.38,58,40,3.44,BO,scattered clouds,2022-04-07 22:23:13
392,Dongying,37.4564,118.4856,56.66,66,0,5.79,CN,clear sky,2022-04-07 22:23:13
393,Buchanan,5.8808,-10.0467,77.97,84,97,4.9,LR,overcast clouds,2022-04-07 22:23:14
394,Bereda,43.2686,-7.5406,52.14,81,100,10.42,ES,overcast clouds,2022-04-07 22:23:14
395,Henties Bay,-22.116,14.2845,60.53,86,0,6.33,NA,clear sky,2022-04-07 22:23:15
396,Kahului,20.8947,-156.47,84.22,45,40,26.46,US,scattered clouds,2022-04-07 22:19:15
397,Konya,38.1667,32.5,53.08,50,9,19.08,TR,clear sky,2022-04-07 22:23:15
398,Knysna,-34.0363,23.0471,55.09,80,50,4.14,ZA,scattered clouds,2022-04-07 22:23:16
399,San Borja,-14.8167,-66.85,81.99,77,24,2.82,BO,light rain,2022-04-07 22:23:16
400,Ixtapa,20.7,-105.2,76.23,69,40,14.97,MX,scattered clouds,2022-04-07 22:23:16
401,Blagoyevo,63.3667,47.9167,20.03,98,95,2.68,RU,overcast clouds,2022-04-07 22:23:17
402,Luau,-10.7073,22.2247,64.31,98,99,2.86,AO,light rain,2022-04-07 22:23:17
403,Igarka,67.4667,86.5833,-3.06,100,97,4.79,RU,overcast clouds,2022-04-07 22:23:17
404,Tahe,52.3333,124.7333,25.25,96,100,2.64,CN,light snow,2022-04-07 22:23:18
405,Katangli,51.7102,143.2326,27.1,79,100,8.12,RU,overcast clouds,2022-04-07 22:23:18
406,San Rafael,-34.6177,-68.3301,77.2,31,26,6.82,AR,scattered clouds,2022-04-07 22:20:38
407,Mazagao,-0.115,-51.2894,82.45,92,96,4.09,BR,overcast clouds,2022-04-07 22:23:19
408,Ahipara,-35.1667,173.1667,64.83,69,85,7.63,NZ,overcast clouds,2022-04-07 22:24:19
409,Bandarbeyla,9.4942,50.8122,79.56,80,65,7.7,SO,broken clouds,2022-04-07 22:24:20
410,Russell,32.3502,-85.1999,71.2,32,5,12.88,US,clear sky,2022-04-07 22:24:20
411,Chiang Khong,20.2613,100.4046,70.47,74,56,2.08,TH,broken clouds,2022-04-07 22:24:21
412,Rawson,-43.3002,-65.1023,56.95,82,100,17.72,AR,light rain,2022-04-07 22:21:52
413,Yamada,39.4667,141.95,43.38,61,13,13.2,JP,few clouds,2022-04-07 22:24:21
414,Amahai,-3.3333,128.9167,78.31,83,99,1.68,ID,overcast clouds,2022-04-07 22:24:21
415,Segamat,2.5148,102.8158,73.63,96,100,1.45,MY,overcast clouds,2022-04-07 22:24:22
416,Acari,-15.4311,-74.6158,74.19,68,69,7.43,PE,broken clouds,2022-04-07 22:24:22
417,San Francisco,37.7749,-122.4194,93.76,28,75,10.36,US,broken clouds,2022-04-07 22:20:18
418,Ust-Barguzin,53.45,108.9833,28.08,90,90,5.48,RU,overcast clouds,2022-04-07 22:24:23
419,Rancho Palos Verdes,33.7445,-118.387,99.75,31,0,10.36,US,clear sky,2022-04-07 22:24:23
420,Mount Isa,-20.7333,139.5,73.17,28,0,10.36,AU,clear sky,2022-04-07 22:24:23
421,Balykshi,47.0667,51.8667,50.0,71,0,13.42,KZ,clear sky,2022-04-07 22:24:24
422,Asau,46.4333,26.4,45.95,82,100,4.74,RO,overcast clouds,2022-04-07 22:24:24
423,South Valley,35.0101,-106.6781,70.0,6,0,19.57,US,clear sky,2022-04-07 22:24:25
424,Porto Walter,-8.2686,-72.7439,79.29,93,100,0.18,BR,overcast clouds,2022-04-07 22:22:16
425,Neiafu,-18.65,-173.9833,84.88,74,75,6.91,TO,broken clouds,2022-04-07 22:24:25
426,Marfino,55.7028,37.3822,46.35,81,0,6.71,RU,clear sky,2022-04-07 22:24:25
427,Soe,-9.8607,124.284,64.69,87,99,3.44,ID,overcast clouds,2022-04-07 22:24:26
428,Tessalit,20.1986,1.0114,88.29,9,0,9.06,ML,clear sky,2022-04-07 22:24:26
429,Manokwari,-0.8667,134.0833,78.98,77,100,4.03,ID,overcast clouds,2022-04-07 22:24:27
430,Luderitz,-26.6481,15.1594,63.03,59,21,16.91,NA,few clouds,2022-04-07 22:24:27
431,Laon,49.5667,3.6667,44.92,69,95,18.7,FR,overcast clouds,2022-04-07 22:24:27
432,Salalah,17.0151,54.0924,80.69,78,0,2.3,OM,clear sky,2022-04-07 22:23:24
433,Ascension,30.2169,-90.9001,72.0,24,0,12.66,US,clear sky,2022-04-07 22:24:28
434,Miami,25.7743,-80.1937,87.03,69,100,11.99,US,overcast clouds,2022-04-07 22:22:19
435,Vanimo,-2.6741,141.3028,78.08,88,100,4.07,PG,overcast clouds,2022-04-07 22:20:21
436,Salsomaggiore Terme,44.8148,9.9796,54.91,87,58,8.28,IT,broken clouds,2022-04-07 22:24:28
437,Tuni,17.35,82.55,75.87,89,1,2.3,IN,clear sky,2022-04-07 22:24:29
438,Gundlupet,11.8,76.6833,70.88,73,15,2.84,IN,few clouds,2022-04-07 22:24:29
439,Albury,-36.0833,146.9167,60.73,100,100,5.75,AU,overcast clouds,2022-04-07 22:24:29
440,Klyuchi,52.2667,79.1667,38.97,74,100,5.14,RU,overcast clouds,2022-04-07 22:24:30
441,Rio Grande,-32.035,-52.0986,68.95,85,100,10.56,BR,moderate rain,2022-04-07 22:24:30
442,Estelle,29.8458,-90.1067,73.99,28,0,12.66,US,clear sky,2022-04-07 22:22:19
443,Louis Trichardt,-23.0439,29.9032,64.51,84,30,14.18,ZA,scattered clouds,2022-04-07 22:24:31
444,Rock Springs,41.5875,-109.2029,56.64,10,0,9.22,US,clear sky,2022-04-07 22:24:31
445,Sabha,27.0377,14.4283,75.78,29,0,24.11,LY,clear sky,2022-04-07 22:24:32
446,Kutahya,39.4242,29.9833,49.44,76,2,14.97,TR,clear sky,2022-04-07 22:24:32
447,Pointe Michel,15.25,-61.3833,79.09,75,16,14.07,DM,few clouds,2022-04-07 22:24:32
448,Ponta Delgada,37.7333,-25.6667,59.72,94,75,11.5,PT,mist,2022-04-07 22:24:33
449,Port-Gentil,-0.7193,8.7815,80.64,88,45,15.19,GA,light rain,2022-04-07 22:24:33
450,Havre-Saint-Pierre,50.2334,-63.5986,39.56,60,0,5.75,CA,clear sky,2022-04-07 22:21:33
451,Surgut,61.25,73.4167,26.78,79,75,8.99,RU,shower snow,2022-04-07 22:25:34
452,Mananara,-16.1667,49.7667,74.57,94,58,5.06,MG,broken clouds,2022-04-07 22:25:34
453,Biak,-0.9131,122.8766,75.85,78,100,2.44,ID,overcast clouds,2022-04-07 22:25:34
454,Keti Bandar,24.1447,67.4497,80.02,73,3,11.39,PK,clear sky,2022-04-07 22:25:35
455,Namibe,-15.1961,12.1522,71.42,75,0,2.64,AO,clear sky,2022-04-07 22:25:35
456,Sibu,2.3,111.8167,73.71,94,40,2.3,MY,scattered clouds,2022-04-07 22:25:35
457,Cidreira,-30.1811,-50.2056,69.89,90,100,12.44,BR,overcast clouds,2022-04-07 22:20:49
458,Imuris,30.7833,-110.8667,89.8,5,0,4.43,MX,clear sky,2022-04-07 22:25:36
459,Dalby,-27.1833,151.2667,65.98,93,49,1.01,AU,scattered clouds,2022-04-07 22:25:36
460,Okhotsk,59.3833,143.3,24.37,92,100,9.51,RU,light snow,2022-04-07 22:25:37
461,Tabas,33.5959,56.9244,78.24,8,65,8.84,IR,broken clouds,2022-04-07 22:25:37
462,Samarai,-10.6167,150.6667,81.7,78,98,12.24,PG,overcast clouds,2022-04-07 22:22:41
463,Sur,22.5667,59.5289,85.57,40,0,9.8,OM,clear sky,2022-04-07 22:23:51
464,Fukue,32.6881,128.8419,59.94,60,0,9.93,JP,clear sky,2022-04-07 22:25:38
465,Port Macquarie,-31.4333,152.9167,67.89,82,92,10.07,AU,overcast clouds,2022-04-07 22:24:32
466,Channel-Port Aux Basques,47.5702,-59.1367,38.84,80,84,6.62,CA,broken clouds,2022-04-07 22:25:38
467,Lagos,6.5833,3.75,82.72,83,91,6.51,NG,light rain,2022-04-07 22:25:38
468,Pascagoula,30.3658,-88.5561,73.45,28,0,18.25,US,clear sky,2022-04-07 22:25:39
469,Katherine,-14.4667,132.2667,70.12,60,83,4.61,AU,broken clouds,2022-04-07 22:25:39
470,Susangerd,31.5608,48.1831,75.72,22,99,2.84,IR,overcast clouds,2022-04-07 22:25:40
471,Taoudenni,22.6783,-3.9836,85.62,9,0,10.33,ML,clear sky,2022-04-07 22:25:40
472,Pianco,-7.1981,-37.9292,82.44,57,97,3.15,BR,overcast clouds,2022-04-07 22:25:40
473,Olafsvik,64.8945,-23.7142,29.12,83,100,2.64,IS,light snow,2022-04-07 22:25:41
474,Mundo Nuevo,18.7,-95.5,76.62,80,91,30.53,MX,overcast clouds,2022-04-07 22:25:41
475,Maceio,-9.6658,-35.7353,76.44,88,75,4.61,BR,broken clouds,2022-04-07 22:24:01
476,Luocheng,29.3848,104.0286,60.48,69,98,0.98,CN,overcast clouds,2022-04-07 22:25:41
477,Yalvac,38.2956,31.1778,48.92,77,4,10.74,TR,clear sky,2022-04-07 22:25:42
478,Guiratinga,-16.3494,-53.7583,78.73,65,18,1.59,BR,few clouds,2022-04-07 22:25:42
479,Xinqing,48.2333,129.5,31.66,49,100,6.26,CN,overcast clouds,2022-04-07 22:25:42
480,Sylva,58.0348,56.7635,24.17,92,48,8.68,RU,scattered clouds,2022-04-07 22:25:21
481,Shenzhen,22.5455,114.0683,71.98,64,0,3.74,CN,clear sky,2022-04-07 22:25:43
482,Esil,51.9556,66.4042,29.79,87,41,8.43,KZ,scattered clouds,2022-04-07 22:25:43
483,Qostanay,53.1667,63.5833,34.09,93,0,4.47,KZ,clear sky,2022-04-07 22:25:44
484,Altamont,42.2068,-121.7372,78.78,15,0,5.75,US,clear sky,2022-04-07 22:25:44
485,Cookeville,36.1628,-85.5016,56.91,39,40,8.05,US,scattered clouds,2022-04-07 22:24:13
486,Omurtag,43.1,26.4167,46.06,85,90,13.69,BG,overcast clouds,2022-04-07 22:25:45
487,Moron,-34.6534,-58.6198,72.97,75,0,7.63,AR,clear sky,2022-04-07 22:25:45
488,Barillas,15.8036,-91.3158,76.64,51,82,4.76,GT,broken clouds,2022-04-07 22:25:45
489,Puteyets,65.1716,57.091,1.15,98,95,5.93,RU,overcast clouds,2022-04-07 22:25:46
490,Borogontsy,62.6683,131.1683,12.58,93,79,4.25,RU,broken clouds,2022-04-07 22:25:46
491,Zaltan,32.947,11.8665,59.9,61,0,7.83,LY,clear sky,2022-04-07 22:25:46
492,Dire,12.2833,-10.9667,92.23,13,68,1.45,ML,broken clouds,2022-04-07 22:25:47
493,Natal,-5.795,-35.2094,82.62,78,20,8.05,BR,few clouds,2022-04-07 22:25:47
494,Yablonovo,50.8523,37.3574,44.69,71,11,7.7,RU,few clouds,2022-04-07 22:25:48
495,San Policarpo,12.1791,125.5072,77.47,87,100,7.83,PH,moderate rain,2022-04-07 22:25:48
496,Araouane,18.9048,-3.5265,86.4,14,8,13.71,ML,clear sky,2022-04-07 22:26:48
497,Zyryanka,65.75,150.85,1.99,96,100,3.44,RU,overcast clouds,2022-04-07 22:26:49
498,Amberley,39.2048,-84.428,51.44,52,100,14.97,US,overcast clouds,2022-04-07 22:26:49
499,Teykovo,56.858,40.5369,37.9,99,100,8.37,RU,overcast clouds,2022-04-07 22:26:49
500,Yeghegnavan,39.838,44.6253,45.0,75,74,3.87,AM,broken clouds,2022-04-07 22:26:50
501,Krasnyy Yar,46.5331,48.3456,42.73,53,21,7.63,RU,few clouds,2022-04-07 22:26:50
502,Gold Coast,-28.0,153.4333,73.99,88,100,8.05,AU,overcast clouds,2022-04-07 22:26:51
503,Ucluelet,48.9329,-125.5528,54.09,71,100,1.01,CA,overcast clouds,2022-04-07 22:22:13
504,Lokoja,7.8024,6.743,84.47,69,53,11.95,NG,broken clouds,2022-04-07 22:26:51
505,Aktau,43.65,51.2,50.58,59,100,11.43,KZ,overcast clouds,2022-04-07 22:26:52
506,Dubbo,-32.25,148.6167,62.73,88,100,12.66,AU,overcast clouds,2022-04-07 22:26:52
507,Ola,59.5833,151.2833,25.14,85,100,8.03,RU,overcast clouds,2022-04-07 22:26:52
508,Kokoda,-8.8785,147.7407,79.27,77,93,0.4,PG,overcast clouds,2022-04-07 22:26:53
509,Gbarnga,6.9956,-9.4722,75.67,87,100,2.19,LR,overcast clouds,2022-04-07 22:26:53
510,Majene,-3.5403,118.9707,76.1,88,86,2.82,ID,overcast clouds,2022-04-07 22:26:53
511,Verkhnevilyuysk,63.4453,120.3167,-1.53,99,89,4.12,RU,overcast clouds,2022-04-07 22:21:56
512,Mtwara,-10.2667,40.1833,78.93,81,15,2.13,TZ,few clouds,2022-04-07 22:26:54
513,Harper,4.375,-7.7169,80.71,82,64,6.11,LR,broken clouds,2022-04-07 22:26:54
514,Shache,38.4167,77.2406,62.6,17,16,1.43,CN,few clouds,2022-04-07 22:26:55
515,Namatanai,-3.6667,152.4333,77.77,89,100,1.14,PG,moderate rain,2022-04-07 22:26:55
516,Hasaki,35.7333,140.8333,55.29,57,20,7.63,JP,few clouds,2022-04-07 22:26:55
517,Sarakhs,36.5449,61.1577,64.54,52,90,2.3,IR,overcast clouds,2022-04-07 22:26:56
518,Iqaluit,63.7506,-68.5145,17.33,72,40,2.3,CA,scattered clouds,2022-04-07 22:26:56
519,Palmeirais,-5.9778,-43.0633,79.14,81,100,2.68,BR,overcast clouds,2022-04-07 22:26:57
520,Dubai,25.2582,55.3047,82.33,36,0,2.3,AE,clear sky,2022-04-07 22:25:42
521,Jiaojiang,28.6803,121.4428,53.01,77,0,1.66,CN,clear sky,2022-04-07 22:26:57
522,Palatka,29.6486,-81.6376,81.23,75,56,6.87,US,broken clouds,2022-04-07 22:23:07
523,Bandar-E Anzali,37.4727,49.4622,48.31,83,18,5.93,IR,few clouds,2022-04-07 22:26:58
524,Rio Negrinho,-26.2544,-49.5183,64.94,96,100,4.36,BR,overcast clouds,2022-04-07 22:26:58
525,Genhe,50.7833,121.5167,31.05,98,100,2.8,CN,overcast clouds,2022-04-07 22:26:58
526,Colac,-38.3333,143.5833,60.84,76,100,8.46,AU,overcast clouds,2022-04-07 22:26:59
527,General Roca,-39.0333,-67.5833,69.62,35,28,10.94,AR,scattered clouds,2022-04-07 22:26:26
528,Artvin,41.1667,41.8333,47.79,88,67,5.48,TR,broken clouds,2022-04-07 22:26:59
529,Goundam,16.4145,-3.6708,90.79,11,2,16.64,ML,clear sky,2022-04-07 22:26:59
530,Bandikui,27.05,76.5667,81.75,8,0,1.07,IN,clear sky,2022-04-07 22:27:00
531,Bulgan,48.8125,103.5347,38.39,76,36,4.97,MN,scattered clouds,2022-04-07 22:27:00
532,Puerto Del Rosario,28.5004,-13.8627,64.15,59,75,17.27,ES,broken clouds,2022-04-07 22:27:00
533,Finschhafen,-6.6024,147.8681,78.26,84,100,5.99,PG,overcast clouds,2022-04-07 22:27:01
534,Bitkine,11.9801,18.2138,91.38,12,8,6.4,TD,clear sky,2022-04-07 22:27:01
535,Bac Lieu,9.285,105.7244,78.89,74,100,9.64,VN,overcast clouds,2022-04-07 22:27:02
536,Saint Anthony,45.0205,-93.218,34.93,85,100,18.41,US,overcast clouds,2022-04-07 22:26:55
537,Eureka,40.8021,-124.1637,71.13,66,100,5.01,US,overcast clouds,2022-04-07 22:23:01
538,Hihya,30.6713,31.588,78.01,15,72,10.02,EG,broken clouds,2022-04-07 22:27:02
539,Cornwall,45.0181,-74.7281,49.98,97,100,2.08,CA,light rain,2022-04-07 22:25:25
540,Monywa,22.1167,95.1333,87.93,37,97,3.31,MM,overcast clouds,2022-04-07 22:27:03
541,Hami,42.8,93.45,61.59,17,2,4.81,CN,clear sky,2022-04-07 22:27:03
542,Castrillon,43.3979,-6.7922,53.02,72,100,11.41,ES,overcast clouds,2022-04-07 22:27:04
543,Wyndham,37.6985,-77.6125,54.12,93,100,8.99,US,mist,2022-04-07 22:23:24
544,Wamba,8.9333,8.6,85.62,43,6,3.78,NG,clear sky,2022-04-07 22:28:04
545,Comodoro Rivadavia,-45.8667,-67.5,51.66,100,100,11.5,AR,light rain,2022-04-07 22:23:29
546,Puerto Leguizamo,-0.1934,-74.7819,78.75,87,97,1.5,CO,overcast clouds,2022-04-07 22:28:05
547,Tokmak,47.2514,35.7058,50.29,67,99,12.88,UA,overcast clouds,2022-04-07 22:28:05
548,Gwanda,-20.9333,29.0,71.4,66,7,14.99,ZW,clear sky,2022-04-07 22:28:05
549,Marrakesh,31.6315,-8.0083,62.67,67,20,8.05,MA,few clouds,2022-04-07 22:27:56
550,Padang,-0.9492,100.3543,73.45,71,98,2.89,ID,overcast clouds,2022-04-07 22:28:06
551,Vytegra,61.0064,36.4481,33.71,96,100,10.87,RU,light snow,2022-04-07 22:28:06
552,Male,4.1748,73.5089,84.15,74,20,4.61,MV,few clouds,2022-04-07 22:28:07
553,Paddhari,22.4333,70.6,84.97,40,30,7.67,IN,scattered clouds,2022-04-07 22:28:07
554,Frederico Westphalen,-27.3592,-53.3944,63.45,97,98,5.39,BR,overcast clouds,2022-04-07 22:28:07
555,Santa Ana,33.7456,-117.8678,100.94,6,0,12.66,US,clear sky,2022-04-07 22:26:53
556,San Luis,-33.295,-66.3356,76.96,32,12,10.0,AR,few clouds,2022-04-07 22:28:08
557,Hualmay,-11.0964,-77.6139,72.3,76,90,12.93,PE,overcast clouds,2022-04-07 22:28:08
558,Amambai,-23.1042,-55.2258,77.56,71,65,8.05,BR,broken clouds,2022-04-07 22:28:09
559,Aliaga,15.5167,120.8667,75.16,81,100,1.79,PH,overcast clouds,2022-04-07 22:28:09
560,Inuvik,68.3499,-133.7218,41.86,33,75,3.44,CA,broken clouds,2022-04-07 22:28:10
561,Silifke,36.3778,33.9344,65.08,80,100,5.73,TR,overcast clouds,2022-04-07 22:28:10
562,Hofn,64.2539,-15.2082,29.68,61,77,13.51,IS,broken clouds,2022-04-07 22:28:10
563,Mehamn,71.0357,27.8492,31.95,74,20,14.97,NO,few clouds,2022-04-07 22:28:11
564,Rodrigues Alves,-7.738,-72.6509,86.2,96,96,1.01,BR,overcast clouds,2022-04-07 22:28:11
565,La Seyne-Sur-Mer,43.0982,5.8847,62.55,74,100,8.99,FR,overcast clouds,2022-04-07 22:28:12
566,Bemidji,47.4736,-94.8803,36.18,67,75,21.85,US,light rain,2022-04-07 22:26:30
567,Churapcha,62.0025,132.4325,13.71,89,10,4.74,RU,clear sky,2022-04-07 22:28:12
568,Boa Esperanca,-21.09,-45.5658,72.18,79,82,2.71,BR,broken clouds,2022-04-07 22:23:51
569,Aklavik,68.2191,-135.0107,33.8,47,75,2.3,CA,broken clouds,2022-04-07 22:28:12
570,Akhmim,26.5622,31.745,82.6,10,12,5.28,EG,few clouds,2022-04-07 22:28:13
571,Kutum,14.2,24.6667,76.66,12,3,7.4,SD,clear sky,2022-04-07 22:28:13
572,Shiyan,32.6475,110.7781,61.03,77,0,2.84,CN,clear sky,2022-04-07 22:28:14
573,Makakilo City,21.3469,-158.0858,80.92,48,20,25.32,US,few clouds,2022-04-07 22:28:14
574,Morant Bay,17.8815,-76.4093,82.71,73,73,11.34,JM,broken clouds,2022-04-07 22:28:14
575,Matara,5.9485,80.5353,76.66,89,96,2.93,LK,overcast clouds,2022-04-07 22:28:15
576,Selu,19.4667,76.4667,86.07,21,2,4.25,IN,clear sky,2022-04-07 22:27:41
577,Praya,14.9215,-23.5087,70.34,78,20,12.66,CV,few clouds,2022-04-07 22:28:15
578,Qiongshan,20.0058,110.3542,66.18,100,40,2.24,CN,scattered clouds,2022-04-07 22:28:16
579,Lumut,4.2323,100.6298,75.22,94,20,0.0,MY,few clouds,2022-04-07 22:28:16
580,Stykkisholmur,65.0757,-22.7297,28.99,58,100,2.84,IS,overcast clouds,2022-04-07 22:28:17
581,Burnie,-41.0667,145.9167,54.48,80,17,10.29,AU,few clouds,2022-04-07 22:28:17
582,Grand Gaube,-20.0064,57.6608,79.2,87,10,4.0,MU,clear sky,2022-04-07 22:28:17
583,Harare,-17.8294,31.0539,62.67,61,15,6.53,ZW,few clouds,2022-04-07 22:28:18
584,San Juan,-31.5375,-68.5364,82.78,24,0,9.57,AR,clear sky,2022-04-07 22:28:18
585,Pasni,25.2631,63.471,79.86,66,0,10.16,PK,clear sky,2022-04-07 22:28:19
586,Clearlake,38.9582,-122.6264,89.58,18,80,3.83,US,broken clouds,2022-04-07 22:28:19
587,Nanjing,32.0617,118.7778,53.51,73,0,4.09,CN,clear sky,2022-04-07 22:26:39
588,Inhambane,-23.865,35.3833,75.43,88,61,6.44,MZ,light rain,2022-04-07 22:29:20
589,Bulaevo,54.9056,70.4439,37.4,89,100,12.75,KZ,overcast clouds,2022-04-07 22:29:20
590,Columbus,39.9612,-82.9988,53.33,49,75,19.57,US,broken clouds,2022-04-07 22:25:57
591,Kafue,-15.7691,28.1814,66.63,91,99,1.63,ZM,overcast clouds,2022-04-07 22:29:20
592,Victor Rosales,22.95,-102.7,83.53,13,75,6.91,MX,broken clouds,2022-04-07 22:29:21
593,Vung Tau,10.346,107.0843,77.81,82,100,8.55,VN,overcast clouds,2022-04-07 22:29:21
594,Zabid,14.1951,43.3152,80.67,68,0,3.09,YE,clear sky,2022-04-07 22:29:22
595,Awjilah,29.1081,21.2869,65.12,52,14,19.69,LY,few clouds,2022-04-07 22:29:22
596,Kuragino,53.8975,92.6725,33.94,79,22,4.07,RU,few clouds,2022-04-07 22:29:22
597,Bakel,14.905,-12.4568,95.81,12,53,8.79,SN,broken clouds,2022-04-07 22:29:23
598,Lakhimpur,27.95,80.7667,75.81,13,0,4.12,IN,clear sky,2022-04-07 22:29:23
599,Takoradi,4.8845,-1.7554,81.57,83,72,8.7,GH,broken clouds,2022-04-07 22:28:54
600,Shimoda,34.6667,138.95,59.11,71,0,6.06,JP,clear sky,2022-04-07 22:29:23
601,Pombas,17.1503,-25.0201,67.78,80,22,14.81,CV,few clouds,2022-04-07 22:29:24
602,Mlawa,53.1128,20.3841,48.16,80,99,19.48,PL,overcast clouds,2022-04-07 22:29:24
603,Hatillo,18.4863,-66.8254,80.11,79,26,8.01,PR,scattered clouds,2022-04-07 22:29:25
604,Necochea,-38.5473,-58.7368,59.59,81,94,13.33,AR,overcast clouds,2022-04-07 22:29:25
605,Quatre Cocos,-20.2078,57.7625,78.91,84,47,14.09,MU,light rain,2022-04-07 22:29:25
606,Bahir Dar,11.5936,37.3908,67.77,53,68,4.85,ET,broken clouds,2022-04-07 22:29:26
607,Ambilobe,-13.2,49.05,74.25,94,96,2.15,MG,overcast clouds,2022-04-07 22:29:26
608,Kumluca,36.3703,30.2869,61.66,84,82,3.38,TR,light rain,2022-04-07 22:29:26
609,Kuryk,43.2,51.65,57.43,54,96,9.28,KZ,overcast clouds,2022-04-07 22:29:27
610,Timaru,-44.4,171.25,57.07,66,1,5.01,NZ,clear sky,2022-04-07 22:29:27
611,Pemangkat,1.1667,108.9667,79.2,81,100,5.57,ID,overcast clouds,2022-04-07 22:29:28
612,Poum,-20.2333,164.0167,81.64,80,100,17.6,NC,overcast clouds,2022-04-07 22:29:28
613,Memaliaj,40.3517,19.9803,50.43,93,64,3.62,AL,broken clouds,2022-04-07 22:29:28
614,Douglas,41.3,-96.167,40.93,63,100,25.32,US,overcast clouds,2022-04-07 22:26:17
615,Dabat,12.9842,37.765,60.93,32,39,6.35,ET,scattered clouds,2022-04-07 22:29:29
616,Fairbanks,64.8378,-147.7164,42.76,45,0,4.61,US,clear sky,2022-04-07 22:29:29
617,Baghmara,23.795,86.2085,77.16,27,30,1.92,IN,scattered clouds,2022-04-07 22:29:30
618,Chiang Rai,19.9167,99.9167,76.98,96,0,2.3,TH,clear sky,2022-04-07 22:29:30
619,Letterkenny,54.95,-7.7333,36.23,89,13,4.54,IE,few clouds,2022-04-07 22:29:31
620,Kabinda,-6.1333,24.4833,68.16,92,94,2.93,CD,moderate rain,2022-04-07 22:29:31
621,Nikki,9.9401,3.2108,88.99,38,51,9.71,BJ,broken clouds,2022-04-07 22:29:31
622,Springfield,37.2153,-93.2982,48.92,60,100,18.41,US,overcast clouds,2022-04-07 22:25:23
623,Sioux Lookout,50.1001,-91.917,37.47,48,100,9.22,CA,overcast clouds,2022-04-07 22:29:32
624,Port Blair,11.6667,92.75,78.84,94,40,2.3,IN,thunderstorm,2022-04-07 22:29:32
625,Birjand,32.8663,59.2211,61.27,10,0,6.91,IR,clear sky,2022-04-07 22:29:32
626,Watertown,42.3709,-71.1828,50.36,75,100,17.27,US,overcast clouds,2022-04-07 22:29:33
627,Balabac,7.9868,117.0645,77.54,87,100,6.91,PH,overcast clouds,2022-04-07 22:29:33
628,Betamcherla,15.4667,78.1667,79.48,44,85,8.63,IN,overcast clouds,2022-04-07 22:29:34
629,Hobyo,5.3505,48.5268,82.26,75,47,11.43,SO,scattered clouds,2022-04-07 22:29:34
630,Makat,47.6469,53.3463,51.33,58,25,9.95,KZ,scattered clouds,2022-04-07 22:29:35
631,Miraflores,19.2167,-98.8083,77.76,23,98,6.11,MX,overcast clouds,2022-04-07 22:29:35
632,El Castillo,19.5333,-96.85,69.75,54,75,7.99,MX,broken clouds,2022-04-07 22:30:35
633,Marmarion,38.0484,24.3204,62.74,74,0,7.38,GR,clear sky,2022-04-07 22:30:36
634,Yarada,17.65,83.2667,79.12,94,20,2.3,IN,mist,2022-04-07 22:30:36
635,Megion,61.0296,76.1136,32.02,97,99,7.54,RU,light snow,2022-04-07 22:30:37
636,Ellensburg,46.9965,-120.5479,65.57,30,0,5.75,US,clear sky,2022-04-07 22:30:37
637,Inirida,3.8653,-67.9239,76.42,93,93,2.53,CO,overcast clouds,2022-04-07 22:30:37
638,Karratha,-20.7377,116.8463,84.07,51,2,8.23,AU,clear sky,2022-04-07 22:30:38
639,Mata,40.683,-7.4592,50.94,86,95,9.17,PT,overcast clouds,2022-04-07 22:30:38
640,Red Bluff,40.1785,-122.2358,91.53,11,0,0.0,US,clear sky,2022-04-07 22:30:38
641,Taiyuan,37.8694,112.5603,40.86,56,0,2.24,CN,clear sky,2022-04-07 22:30:39
642,Berea,41.3662,-81.8543,52.75,55,75,23.02,US,broken clouds,2022-04-07 22:30:39
643,Hof,50.3167,11.9167,44.46,63,40,18.99,DE,scattered clouds,2022-04-07 22:30:39
644,Yerbogachen,61.2767,108.0108,26.19,94,100,8.97,RU,overcast clouds,2022-04-07 22:30:40
645,Emerald,-23.5333,148.1667,73.54,64,3,9.22,AU,clear sky,2022-04-07 22:29:13
646,Okato,-39.2,173.8833,58.68,65,5,7.47,NZ,clear sky,2022-04-07 22:30:40
647,Presidencia Roque Saenz Pena,-26.7852,-60.4388,66.2,97,86,8.5,AR,overcast clouds,2022-04-07 22:30:41
648,Sangar,63.9242,127.4739,17.29,91,96,2.91,RU,overcast clouds,2022-04-07 22:30:41
